123456,234112,9283491823,Sameer,"121,Jaipur,Rajasthan",Cook,Sameer@mail.com
123458,121122,9239231231,Sumit,"142,Mumbai,Maharashtra",Cook,Sumit@mail.com
123460,121243,8248924926,Adi,"123,Allahabad,Uttar Pradesh",Waiter,Adi@mail.com
123462,346232,9235892332,Simran,"167,Chennai,Tamil Nadu",Waiter,Simran@mail.com
123464,252343,8234892242,Siddhi,"443,Chennai,Tamil Nadu",Cashier,Siddhi@mail.com
123466,235212,9823490409,Siddharth,"111,Banglore,Karnataka",Manager,Siddharth@mail.com
123468,280792,9605561653,Ramesh,"857,Coimbatore,Tamil Nadu",Waiter,
123470,298625,9398882825,Birju,"98,Kanchipuram,Tamil Nadu",Waiter,
123472,222222,9474621938,taniskh,"556,Kanpur,Uttar Pradesh",Delivery Boy,
123474,213242,9550361051,Naman,"121,Ahemdabad,Gujarat",Delivery Boy,Naman@mail.com
123476,123456,9626100164,Anil,"448,Rameshwaran,Tamil Nadu",Cook,Anil@mail.com
123478,654321,9701839277,Rupesh,"2212,Chennai,Tamil Nadu",Waiter,Rupesh@mail.com
123480,387790.019,9777578390,Abhijeet,"323,Chennai,Tamil Nadu",Delivery Boy,Abhijeet@mail.com
